pipeline	fitness	fit_time
selectFwe(0.003032124184343105);nystroem('poly',1.2883386062650757,76,5,0.28777743677545375);minMaxScaler();minMaxScaler();adaBoost(decisionTree('gini',26,15,0.9874559311566145,11,'balanced'),58,0.9745610554644287,'SAMME')	invalid_ind (duplicated operator)	invalid_ind (duplicated operator)
pca(0.8247045418937757,False);varianceThreshold();minMaxScaler();minMaxScaler();varianceThreshold();pca(0.5604475704226722,True);mlpClassifier((45, 11),0.07999474075467382,0.5609816454564671,'adam','tanh')	invalid_ind (duplicated operator)	invalid_ind (duplicated operator)
minMaxScaler();minMaxScaler();bernoulliNB(12.24537850659824,True)	invalid_ind (duplicated operator)	invalid_ind (duplicated operator)
selectPercentile(67.00640740415653);nystroem('rbf',7.926058949227791,82,3,-0.7865126050343756);fastICA(74,'parallel','unit-variance','logcosh');nystroem('poly',0.7431471479208718,86,5,0.8775295667392682);minMaxScaler();minMaxScaler();mlpClassifier((82, 19),0.06636741280111591,0.4317587470324145,'sgd','logistic')	invalid_ind (duplicated operator)	invalid_ind (duplicated operator)
varianceThreshold();maxAbsScaler();varianceThreshold();minMaxScaler();minMaxScaler();adaBoost(decisionTree('gini',14,17,0.7014887154027867,7,'None'),84,1.5056805564104314,'SAMME')	invalid_ind (duplicated operator)	invalid_ind (duplicated operator)
maxAbsScaler();minMaxScaler();varianceThreshold();varianceThreshold();selectFwe(0.013717875939369706);maxAbsScaler();adaBoost(decisionTree('entropy',13,6,0.5443565347702323,4,'None'),19,1.0841935221591743,'SAMME')	invalid_ind (duplicated operator)	invalid_ind (duplicated operator)
maxAbsScaler();selectPercentile(67.49729644755728);minMaxScaler();pca(0.827620118724357,False);varianceThreshold();maxAbsScaler();logisticRegression('l2','newton-cg',1000,11.788446672408776,'balanced')	invalid_ind (duplicated operator)	invalid_ind (duplicated operator)
gaussianNB(0.005345998845496758)	0.7637903085368604	2.2028417587280273
robustScaler(False,False);bernoulliNB(3.6778538478223917,False)	0.4081673706620501	2.5739879608154297
maxAbsScaler();minMaxScaler();minMaxScaler();pca(0.8907533052867602,False);nystroem('sigmoid',2.3676461338319124,84,4,0.2672838046821482);maxAbsScaler();lda(0.7268343838605282,1,0.010305868227100022)	invalid_ind (duplicated operator)	invalid_ind (duplicated operator)
varianceThreshold();multinomialNB(75.28608193509555,True)	eval_error (Negative values in data passed to MultinomialNB (input X).)	eval_error (Negative values in data passed to MultinomialNB (input X).)
robustScaler(False,False);robustScaler(False,False);adaBoost(decisionTree('entropy',7,7,0.33297797756233527,4,'None'),25,0.9291257421941627,'SAMME')	invalid_ind (duplicated operator)	invalid_ind (duplicated operator)
varianceThreshold();varianceThreshold();varianceThreshold();varianceThreshold();bernoulliNB(62.686980826808785,True)	invalid_ind (duplicated operator)	invalid_ind (duplicated operator)
fastICA(51,'deflation','unit-variance','exp');maxAbsScaler();robustScaler(True,True);fastICA(7,'parallel','unit-variance','cube');maxAbsScaler();varianceThreshold();logisticRegression('l1','saga',1000,16.14854951391938,'None')	invalid_ind (duplicated operator)	invalid_ind (duplicated operator)
minMaxScaler();maxAbsScaler();selectPercentile(36.27029952852126);qda(0.32311751938124933)	0.14285714285714285	4.053881406784058
maxAbsScaler();fastICA(11,'parallel','unit-variance','exp');minMaxScaler();minMaxScaler();adaBoost(decisionTree('entropy',28,13,0.4477453867296215,12,'None'),38,1.902739586516493,'SAMME')	invalid_ind (duplicated operator)	invalid_ind (duplicated operator)
minMaxScaler();minMaxScaler();robustScaler(False,True);nystroem('poly',6.73981210400215,78,5,-0.2644494481674715);varianceThreshold();gaussianNB(0.00586365944648733)	invalid_ind (duplicated operator)	invalid_ind (duplicated operator)
varianceThreshold();selectPercentile(23.532616542094964);nystroem('sigmoid',4.656629713872288,78,3,-0.06503028902992924);pca(0.9293557312154097,False);selectFwe(0.01171306329048771);decisionTree('entropy',13,16,0.7778103285353217,10,'None')	eval_error (Found array with 0 feature(s) (shape=(34800, 0)) while a minimum of 1 is required by DecisionTreeClassifier.)	eval_error (Found array with 0 feature(s) (shape=(34800, 0)) while a minimum of 1 is required by DecisionTreeClassifier.)
minMaxScaler();pca(0.7370034193859818,True);pca(0.7315326987572575,True);robustScaler(True,False);varianceThreshold();extraTreesClassifier(69,'entropy','log2',19,2,False,'balanced')	invalid_ind (duplicated operator)	invalid_ind (duplicated operator)
nystroem('rbf',6.282217837690618,98,3,0.7931343299680971);maxAbsScaler();varianceThreshold();extraTreesClassifier(62,'gini','sqrt',12,5,False,'None')	0.14285714285714285	9.52240538597107
maxAbsScaler();varianceThreshold();robustScaler(True,True);qda(0.5088301878465372)	eval_error (The covariance matrix of class 6 is not full rank. When using `solver='svd'` the number of samples in each class should be more than the number of features, but class 6 has 5 samples and 9 features. Try using `solver='eigen'` and setting the parameter `shrinkage` for regularization.)	eval_error (The covariance matrix of class 6 is not full rank. When using `solver='svd'` the number of samples in each class should be more than the number of features, but class 6 has 5 samples and 9 features. Try using `solver='eigen'` and setting the parameter `shrinkage` for regularization.)
pca(0.7071723441242446,True);minMaxScaler();selectPercentile(76.86904177432002);adaBoost(decisionTree('entropy',28,9,0.8276009370306416,19,'None'),13,0.42548904503074875,'SAMME')	eval_error (Found array with 0 feature(s) (shape=(34800, 0)) while a minimum of 1 is required by AdaBoostClassifier.)	eval_error (Found array with 0 feature(s) (shape=(34800, 0)) while a minimum of 1 is required by AdaBoostClassifier.)
maxAbsScaler();varianceThreshold();varianceThreshold();pca(0.7066327603503131,True);selectPercentile(52.572473535560945);fastICA(2,'deflation','unit-variance','exp');qda(0.04713710527610748)	invalid_ind (duplicated operator)	invalid_ind (duplicated operator)
extraTreesClassifier(91,'entropy','sqrt',8,7,False,'balanced_subsample')	0.9087283568739682	9.698694229125977
pca(0.7844126162861844,False);pca(0.7205513760275748,False);adaBoost(decisionTree('entropy',28,12,0.2867938203820377,10,'None'),33,0.15494279835117597,'SAMME')	invalid_ind (duplicated operator)	invalid_ind (duplicated operator)
robustScaler(True,False);varianceThreshold();adaBoost(decisionTree('gini',9,5,0.131313347183873,5,'None'),26,0.5334912774697786,'SAMME')	0.8412741995335455	16.025081872940063
nystroem('sigmoid',2.2106474537829452,66,5,-0.07186365816035423);pca(0.6002084008710409,True);lda(0.8587736847999885,246,0.0161415339953486)	eval_error (n_components cannot be larger than min(n_features, n_classes - 1).)	eval_error (n_components cannot be larger than min(n_features, n_classes - 1).)
mlpClassifier((85, 2),0.09528060055435454,0.015833460534613757,'sgd','tanh')	0.3851211944679084	41.80065083503723
maxAbsScaler();pca(0.7747606203968,False);adaBoost(decisionTree('gini',10,2,0.8235705112332644,9,'None'),86,1.2089263684377511,'SAMME')	0.6711213075816913	69.07326078414917
adaBoost(decisionTree('entropy',29,20,0.22600741598132768,11,'balanced'),92,0.5473840821457541,'SAMME')	0.8587128380074975	32.12993812561035
bernoulliNB(7.7473803445245375,True)	0.20014043417488284	3.0608866214752197
fastICA(41,'parallel','arbitrary-variance','logcosh');selectFwe(0.02526831841372631);nystroem('cosine',1.3267430144553578,97,2,-0.5264535486502138);minMaxScaler();varianceThreshold();varianceThreshold();adaBoost(decisionTree('entropy',20,9,0.17576060208656763,17,'None'),86,0.8172450800922813,'SAMME')	invalid_ind (duplicated operator)	invalid_ind (duplicated operator)
minMaxScaler();nystroem('sigmoid',0.13932962697589146,58,5,-0.5775479081083481);selectPercentile(12.52779336457872);adaBoost(decisionTree('gini',19,17,0.14619796964054443,8,'balanced'),57,0.0832370546964789,'SAMME')	0.862284009617181	61.1167778968811
varianceThreshold();adaBoost(decisionTree('entropy',8,17,0.13891719199939578,10,'None'),80,0.2419705886154548,'SAMME')	0.8062208927883656	44.248528718948364
minMaxScaler();maxAbsScaler();robustScaler(True,False);varianceThreshold();qda(0.05480254893384695)	eval_error (The covariance matrix of class 6 is not full rank. When using `solver='svd'` the number of samples in each class should be more than the number of features, but class 6 has 5 samples and 9 features. Try using `solver='eigen'` and setting the parameter `shrinkage` for regularization.)	eval_error (The covariance matrix of class 6 is not full rank. When using `solver='svd'` the number of samples in each class should be more than the number of features, but class 6 has 5 samples and 9 features. Try using `solver='eigen'` and setting the parameter `shrinkage` for regularization.)
maxAbsScaler();extraTreesClassifier(94,'entropy','log2',11,4,True,'None')	0.40701302255890087	10.703491926193237
minMaxScaler();robustScaler(True,True);nystroem('cosine',3.6414422968828246,51,2,0.42763404034839847);selectFwe(0.004040464196837461);maxAbsScaler();randomForest(47,'entropy',0.9363835123141007,3,20,True,'balanced')	eval_timeout_error	eval_timeout_error
fastICA(46,'deflation','arbitrary-variance','logcosh');varianceThreshold();maxAbsScaler();adaBoost(decisionTree('gini',19,13,0.8238569694362355,7,'balanced'),99,1.3131997280403833,'SAMME')	eval_timeout_error	eval_timeout_error
minMaxScaler();maxAbsScaler();pca(0.90968106321025,True);selectPercentile(96.51986805524741);nystroem('sigmoid',0.17085521007575558,59,5,0.17322624182877266);adaBoost(decisionTree('gini',2,13,0.46081784817900406,18,'None'),91,1.416073580656632,'SAMME')	0.5272604348282761	186.64453077316284
varianceThreshold();selectFwe(0.01882471416403296);maxAbsScaler();fastICA(35,'deflation','arbitrary-variance','logcosh');selectPercentile(45.791557689978596);adaBoost(decisionTree('entropy',24,15,0.504151452822573,19,'None'),65,0.33674340719252865,'SAMME')	0.8905543133907606	162.05450797080994
pca(0.7205513760275748,False);varianceThreshold();robustScaler(True,True);qda(0.5088301878465372)	0.14356943354073587	3.4937031269073486
minMaxScaler();maxAbsScaler();nystroem('sigmoid',2.2106474537829452,66,5,-0.07186365816035423);varianceThreshold();qda(0.42143074843920014)	eval_error (The covariance matrix of class 2 is not full rank. When using `solver='svd'` the number of samples in each class should be more than the number of features, but class 2 has 29 samples and 66 features. Try using `solver='eigen'` and setting the parameter `shrinkage` for regularization.)	eval_error (The covariance matrix of class 2 is not full rank. When using `solver='svd'` the number of samples in each class should be more than the number of features, but class 2 has 29 samples and 66 features. Try using `solver='eigen'` and setting the parameter `shrinkage` for regularization.)
robustScaler(True,False);pca(0.6002084008710409,True);lda(0.8587736847999885,246,0.0161415339953486)	eval_error (n_components cannot be larger than min(n_features, n_classes - 1).)	eval_error (n_components cannot be larger than min(n_features, n_classes - 1).)
varianceThreshold();varianceThreshold();varianceThreshold();varianceThreshold();bernoulliNB(12.24537850659824,True)	invalid_ind (duplicated operator)	invalid_ind (duplicated operator)
minMaxScaler();minMaxScaler();bernoulliNB(62.686980826808785,True)	invalid_ind (duplicated operator)	invalid_ind (duplicated operator)
nystroem('rbf',6.282217837690618,98,3,0.7931343299680971);maxAbsScaler();varianceThreshold();extraTreesClassifier(62,'gini','sqrt',12,5,False,'None')	0.14285714285714285	8.414132118225098
pca(0.7071723441242446,True);minMaxScaler();selectPercentile(76.86904177432002);adaBoost(decisionTree('entropy',28,9,0.8276009370306416,19,'None'),13,0.42548904503074875,'SAMME')	eval_error (Found array with 0 feature(s) (shape=(34800, 0)) while a minimum of 1 is required by AdaBoostClassifier.)	eval_error (Found array with 0 feature(s) (shape=(34800, 0)) while a minimum of 1 is required by AdaBoostClassifier.)
minMaxScaler();extraTreesClassifier(23,'entropy','log2',17,13,True,'None')	0.16728352453209164	4.41617226600647
minMaxScaler();pca(0.7370034193859818,True);pca(0.7315326987572575,True);robustScaler(True,False);varianceThreshold();minMaxScaler();bernoulliNB(12.24537850659824,True)	invalid_ind (duplicated operator)	invalid_ind (duplicated operator)
pca(0.7844126162861844,False);maxAbsScaler();adaBoost(decisionTree('entropy',28,12,0.2867938203820377,10,'None'),33,0.15494279835117597,'SAMME')	0.7005415601542098	38.6577889919281
maxAbsScaler();selectFwe(0.01882471416403296);maxAbsScaler();fastICA(74,'parallel','unit-variance','logcosh');selectPercentile(45.791557689978596);adaBoost(decisionTree('entropy',24,15,0.504151452822573,19,'None'),65,0.33674340719252865,'SAMME')	invalid_ind (duplicated operator)	invalid_ind (duplicated operator)
selectPercentile(67.00640740415653);nystroem('rbf',7.926058949227791,82,3,-0.7865126050343756);fastICA(35,'deflation','arbitrary-variance','logcosh');nystroem('poly',0.7431471479208718,86,5,0.8775295667392682);minMaxScaler();minMaxScaler();mlpClassifier((82, 19),0.06636741280111591,0.4317587470324145,'sgd','logistic')	invalid_ind (duplicated operator)	invalid_ind (duplicated operator)
minMaxScaler();robustScaler(True,True);nystroem('cosine',3.6414422968828246,51,2,0.42763404034839847);selectFwe(0.004040464196837461);maxAbsScaler();randomForest(47,'entropy',0.9363835123141007,3,20,True,'balanced')	eval_timeout_error	eval_timeout_error
minMaxScaler();robustScaler(True,True);nystroem('cosine',2.2106474537829452,51,5,-0.07186365816035423);selectFwe(0.004040464196837461);maxAbsScaler();randomForest(47,'entropy',0.9363835123141007,3,20,True,'balanced')	eval_timeout_error	eval_timeout_error
nystroem('sigmoid',3.6414422968828246,66,2,0.42763404034839847);pca(0.6002084008710409,True);lda(0.8587736847999885,246,0.0161415339953486)	eval_error (n_components cannot be larger than min(n_features, n_classes - 1).)	eval_error (n_components cannot be larger than min(n_features, n_classes - 1).)
minMaxScaler();robustScaler(True,True);nystroem('cosine',3.6414422968828246,51,2,0.42763404034839847);minMaxScaler();maxAbsScaler();randomForest(47,'entropy',0.9363835123141007,3,20,True,'balanced')	invalid_ind (duplicated operator)	invalid_ind (duplicated operator)
maxAbsScaler();selectPercentile(67.49729644755728);selectFwe(0.019807387646522227);pca(0.827620118724357,False);varianceThreshold();maxAbsScaler();logisticRegression('l2','newton-cg',1000,11.788446672408776,'balanced')	invalid_ind (duplicated operator)	invalid_ind (duplicated operator)
pca(0.8247045418937757,False);varianceThreshold();minMaxScaler();minMaxScaler();varianceThreshold();pca(0.5604475704226722,True);mlpClassifier((45, 11),0.07999474075467382,0.5609816454564671,'adam','tanh')	invalid_ind (duplicated operator)	invalid_ind (duplicated operator)
maxAbsScaler();minMaxScaler();minMaxScaler();pca(0.8907533052867602,False);nystroem('sigmoid',2.3676461338319124,84,4,0.2672838046821482);maxAbsScaler();lda(0.7268343838605282,1,0.010305868227100022)	invalid_ind (duplicated operator)	invalid_ind (duplicated operator)
maxAbsScaler();selectPercentile(67.49729644755728);minMaxScaler();pca(0.827620118724357,False);varianceThreshold();maxAbsScaler();logisticRegression('l2','newton-cg',1000,11.788446672408776,'balanced')	invalid_ind (duplicated operator)	invalid_ind (duplicated operator)
maxAbsScaler();fastICA(11,'parallel','unit-variance','exp');minMaxScaler();minMaxScaler();adaBoost(decisionTree('entropy',28,13,0.4477453867296215,12,'None'),38,1.902739586516493,'SAMME')	invalid_ind (duplicated operator)	invalid_ind (duplicated operator)
pca(0.8764625119327752,True);selectPercentile(67.49729644755728);minMaxScaler();pca(0.827620118724357,False);varianceThreshold();maxAbsScaler();logisticRegression('l2','newton-cg',1000,11.788446672408776,'balanced')	invalid_ind (duplicated operator)	invalid_ind (duplicated operator)
robustScaler(False,False);robustScaler(False,False);adaBoost(decisionTree('entropy',7,7,0.33297797756233527,4,'None'),25,0.9291257421941627,'SAMME')	invalid_ind (duplicated operator)	invalid_ind (duplicated operator)
maxAbsScaler();minMaxScaler();varianceThreshold();varianceThreshold();selectFwe(0.013717875939369706);maxAbsScaler();adaBoost(decisionTree('entropy',13,6,0.5443565347702323,4,'None'),19,1.0841935221591743,'SAMME')	invalid_ind (duplicated operator)	invalid_ind (duplicated operator)
minMaxScaler();nystroem('sigmoid',0.13932962697589146,58,5,0.2672838046821482);selectPercentile(12.52779336457872);adaBoost(decisionTree('gini',19,17,0.14619796964054443,8,'balanced'),57,0.0832370546964789,'SAMME')	0.8491167993130248	58.205891847610474
maxAbsScaler();minMaxScaler();minMaxScaler();pca(0.8907533052867602,False);nystroem('sigmoid',2.3676461338319124,84,4,-0.5775479081083481);maxAbsScaler();lda(0.7268343838605282,1,0.010305868227100022)	invalid_ind (duplicated operator)	invalid_ind (duplicated operator)
extraTreesClassifier(71,'entropy','log2',8,11,True,'balanced')	0.7434405043539188	10.173704385757446
varianceThreshold();selectPercentile(23.532616542094964);nystroem('sigmoid',4.656629713872288,78,3,-0.06503028902992924);pca(0.9293557312154097,False);selectFwe(0.01171306329048771);decisionTree('entropy',13,16,0.7778103285353217,10,'None')	eval_error (Found array with 0 feature(s) (shape=(34800, 0)) while a minimum of 1 is required by DecisionTreeClassifier.)	eval_error (Found array with 0 feature(s) (shape=(34800, 0)) while a minimum of 1 is required by DecisionTreeClassifier.)
varianceThreshold();maxAbsScaler();varianceThreshold();minMaxScaler();minMaxScaler();adaBoost(decisionTree('gini',14,17,0.7014887154027867,7,'None'),84,1.5056805564104314,'SAMME')	invalid_ind (duplicated operator)	invalid_ind (duplicated operator)
selectPercentile(67.00640740415653);nystroem('rbf',7.926058949227791,82,3,-0.7865126050343756);fastICA(74,'parallel','unit-variance','logcosh');varianceThreshold();minMaxScaler();minMaxScaler();mlpClassifier((82, 19),0.06636741280111591,0.4317587470324145,'sgd','logistic')	invalid_ind (duplicated operator)	invalid_ind (duplicated operator)
minMaxScaler();pca(0.7370034193859818,True);pca(0.7315326987572575,True);robustScaler(True,False);nystroem('poly',0.7431471479208718,86,5,0.8775295667392682);extraTreesClassifier(69,'entropy','log2',19,2,False,'balanced')	invalid_ind (duplicated operator)	invalid_ind (duplicated operator)
nystroem('sigmoid',2.2106474537829452,66,5,-0.07186365816035423);pca(0.6002084008710409,True);adaBoost(decisionTree('entropy',28,13,0.4477453867296215,12,'None'),38,1.902739586516493,'SAMME')	0.18607088334404148	24.221831560134888
maxAbsScaler();fastICA(11,'parallel','unit-variance','exp');minMaxScaler();minMaxScaler();lda(0.8587736847999885,246,0.0161415339953486)	invalid_ind (duplicated operator)	invalid_ind (duplicated operator)
nystroem('cosine',0.4139939169044041,98,5,-0.004432926838504825);adaBoost(decisionTree('gini',10,2,0.8235705112332644,9,'None'),86,1.2089263684377511,'SAMME')	eval_timeout_error	eval_timeout_error
maxAbsScaler();varianceThreshold();varianceThreshold();pca(0.7066327603503131,True);selectPercentile(52.572473535560945);fastICA(2,'deflation','unit-variance','exp');qda(0.04713710527610748)	invalid_ind (duplicated operator)	invalid_ind (duplicated operator)
mlpClassifier((85, 2),0.09528060055435454,0.015833460534613757,'sgd','tanh')	0.3851211944679084	52.05976343154907
minMaxScaler();robustScaler(True,True);nystroem('cosine',3.6414422968828246,51,2,0.17322624182877266);selectFwe(0.004040464196837461);maxAbsScaler();randomForest(47,'entropy',0.9363835123141007,3,20,True,'balanced')	eval_timeout_error	eval_timeout_error
selectFwe(0.0061175846490828115);nystroem('cosine',0.7358080773031397,25,2,-0.9506551448519158);nystroem('rbf',4.5408948995489595,87,2,-0.18617990774113924);selectPercentile(96.51986805524741);nystroem('sigmoid',0.17085521007575558,59,5,0.42763404034839847);adaBoost(decisionTree('gini',2,13,0.46081784817900406,18,'None'),91,1.416073580656632,'SAMME')	invalid_ind (duplicated operator)	invalid_ind (duplicated operator)
varianceThreshold();selectFwe(0.01882471416403296);maxAbsScaler();fastICA(35,'deflation','arbitrary-variance','logcosh');selectPercentile(45.791557689978596);adaBoost(decisionTree('entropy',24,15,0.504151452822573,19,'None'),65,0.33674340719252865,'SAMME')	0.8905543133907606	203.4996681213379
gaussianNB(0.005345998845496758)	0.7637903085368604	2.1095449924468994
maxAbsScaler();minMaxScaler();minMaxScaler();pca(0.8907533052867602,False);nystroem('sigmoid',2.3676461338319124,84,4,0.2672838046821482);minMaxScaler();lda(0.7268343838605282,1,0.010305868227100022)	invalid_ind (duplicated operator)	invalid_ind (duplicated operator)
maxAbsScaler();fastICA(11,'parallel','unit-variance','exp');minMaxScaler();maxAbsScaler();adaBoost(decisionTree('entropy',28,13,0.4477453867296215,12,'None'),38,1.902739586516493,'SAMME')	invalid_ind (duplicated operator)	invalid_ind (duplicated operator)
minMaxScaler();minMaxScaler();bernoulliNB(62.686980826808785,True)	invalid_ind (duplicated operator)	invalid_ind (duplicated operator)
maxAbsScaler();fastICA(11,'parallel','unit-variance','exp');minMaxScaler();minMaxScaler();adaBoost(decisionTree('gini',10,13,0.6596941068171868,17,'balanced'),10,0.4390206732908677,'SAMME')	invalid_ind (duplicated operator)	invalid_ind (duplicated operator)
pca(0.827620118724357,True);selectPercentile(67.49729644755728);minMaxScaler();pca(0.827620118724357,False);varianceThreshold();maxAbsScaler();logisticRegression('l2','newton-cg',1000,11.788446672408776,'balanced')	invalid_ind (duplicated operator)	invalid_ind (duplicated operator)
maxAbsScaler();selectPercentile(67.49729644755728);robustScaler(False,False);pca(0.8764625119327752,False);varianceThreshold();maxAbsScaler();logisticRegression('l2','newton-cg',1000,11.788446672408776,'balanced')	invalid_ind (duplicated operator)	invalid_ind (duplicated operator)
minMaxScaler();robustScaler(False,True);nystroem('cosine',3.6414422968828246,51,2,0.42763404034839847);minMaxScaler();maxAbsScaler();randomForest(47,'entropy',0.9363835123141007,3,20,True,'balanced')	invalid_ind (duplicated operator)	invalid_ind (duplicated operator)
robustScaler(True,False);robustScaler(False,False);adaBoost(decisionTree('entropy',7,7,0.33297797756233527,4,'None'),25,0.9291257421941627,'SAMME')	invalid_ind (duplicated operator)	invalid_ind (duplicated operator)
robustScaler(False,False);robustScaler(False,False);adaBoost(decisionTree('entropy',28,7,0.2867938203820377,4,'None'),33,0.15494279835117597,'SAMME')	invalid_ind (duplicated operator)	invalid_ind (duplicated operator)
pca(0.6002084008710409,True);minMaxScaler();selectPercentile(76.86904177432002);adaBoost(decisionTree('entropy',28,9,0.8276009370306416,19,'None'),13,0.42548904503074875,'SAMME')	eval_error (Found array with 0 feature(s) (shape=(34800, 0)) while a minimum of 1 is required by AdaBoostClassifier.)	eval_error (Found array with 0 feature(s) (shape=(34800, 0)) while a minimum of 1 is required by AdaBoostClassifier.)
pca(0.7071723441242446,True);minMaxScaler();selectPercentile(76.86904177432002);adaBoost(decisionTree('entropy',28,9,0.8276009370306416,19,'None'),13,0.42548904503074875,'SAMME')	eval_error (Found array with 0 feature(s) (shape=(34800, 0)) while a minimum of 1 is required by AdaBoostClassifier.)	eval_error (Found array with 0 feature(s) (shape=(34800, 0)) while a minimum of 1 is required by AdaBoostClassifier.)
maxAbsScaler();selectFwe(0.01882471416403296);maxAbsScaler();fastICA(74,'parallel','unit-variance','logcosh');selectPercentile(45.791557689978596);adaBoost(decisionTree('entropy',24,15,0.504151452822573,19,'None'),65,0.33674340719252865,'SAMME')	invalid_ind (duplicated operator)	invalid_ind (duplicated operator)
nystroem('rbf',6.282217837690618,98,3,0.7931343299680971);maxAbsScaler();varianceThreshold();extraTreesClassifier(62,'gini','sqrt',12,5,False,'None')	0.14285714285714285	cached
nystroem('sigmoid',3.6414422968828246,66,2,0.42763404034839847);pca(0.7071723441242446,True);lda(0.8587736847999885,246,0.0161415339953486)	eval_error (n_components cannot be larger than min(n_features, n_classes - 1).)	eval_error (n_components cannot be larger than min(n_features, n_classes - 1).)
varianceThreshold();selectFwe(0.01882471416403296);maxAbsScaler();fastICA(35,'deflation','arbitrary-variance','logcosh');selectPercentile(45.791557689978596);adaBoost(decisionTree('entropy',24,15,0.504151452822573,19,'None'),65,0.33674340719252865,'SAMME')	0.8905543133907606	cached
pca(0.7844126162861844,False);maxAbsScaler();adaBoost(decisionTree('entropy',28,12,0.2867938203820377,10,'None'),33,0.15494279835117597,'SAMME')	0.7005415601542098	cached
robustScaler(True,False);varianceThreshold();adaBoost(decisionTree('gini',9,5,0.131313347183873,5,'None'),26,0.5334912774697786,'SAMME')	0.8412741995335455	cached
robustScaler(True,False);varianceThreshold();adaBoost(decisionTree('gini',9,5,0.131313347183873,5,'None'),26,0.5334912774697786,'SAMME')	0.8412741995335455	cached
maxAbsScaler();fastICA(11,'parallel','unit-variance','exp');minMaxScaler();nystroem('cosine',7.300421686845036,22,5,0.48825644022191317);lda(0.8587736847999885,246,0.0161415339953486)	eval_error (n_components cannot be larger than min(n_features, n_classes - 1).)	eval_error (n_components cannot be larger than min(n_features, n_classes - 1).)
minMaxScaler();pca(0.7370034193859818,True);pca(0.7315326987572575,True);robustScaler(True,False);varianceThreshold();minMaxScaler();bernoulliNB(12.24537850659824,True)	invalid_ind (duplicated operator)	invalid_ind (duplicated operator)
minMaxScaler();nystroem('sigmoid',0.13932962697589146,58,5,-0.5775479081083481);selectPercentile(12.52779336457872);adaBoost(decisionTree('gini',19,17,0.14619796964054443,8,'balanced'),57,0.0832370546964789,'SAMME')	0.862284009617181	cached
minMaxScaler();pca(0.7370034193859818,True);pca(0.7315326987572575,True);robustScaler(True,False);nystroem('poly',0.7431471479208718,86,5,0.8775295667392682);extraTreesClassifier(69,'entropy','log2',19,2,False,'balanced')	invalid_ind (duplicated operator)	invalid_ind (duplicated operator)
gaussianNB(0.005345998845496758)	0.7637903085368604	2.324470281600952
selectPercentile(67.00640740415653);nystroem('rbf',7.926058949227791,82,3,-0.7865126050343756);fastICA(74,'parallel','unit-variance','logcosh');varianceThreshold();minMaxScaler();minMaxScaler();mlpClassifier((82, 19),0.06636741280111591,0.4317587470324145,'sgd','logistic')	invalid_ind (duplicated operator)	invalid_ind (duplicated operator)
varianceThreshold();maxAbsScaler();varianceThreshold();minMaxScaler();minMaxScaler();adaBoost(decisionTree('gini',14,17,0.7014887154027867,7,'None'),84,1.5056805564104314,'SAMME')	invalid_ind (duplicated operator)	invalid_ind (duplicated operator)
pca(0.7071723441242446,True);minMaxScaler();selectPercentile(76.86904177432002);adaBoost(decisionTree('entropy',28,9,0.8276009370306416,19,'None'),57,0.0832370546964789,'SAMME')	eval_error (Found array with 0 feature(s) (shape=(34800, 0)) while a minimum of 1 is required by AdaBoostClassifier.)	eval_error (Found array with 0 feature(s) (shape=(34800, 0)) while a minimum of 1 is required by AdaBoostClassifier.)
maxAbsScaler();minMaxScaler();selectPercentile(56.93623153874503);adaBoost(decisionTree('entropy',28,13,0.4477453867296215,12,'None'),38,1.902739586516493,'SAMME')	0.8655619488212949	19.477611541748047
maxAbsScaler();selectPercentile(67.49729644755728);minMaxScaler();pca(0.827620118724357,False);varianceThreshold();maxAbsScaler();logisticRegression('l2','newton-cg',1000,11.788446672408776,'balanced')	invalid_ind (duplicated operator)	invalid_ind (duplicated operator)
pca(0.7844126162861844,False);maxAbsScaler();adaBoost(decisionTree('entropy',7,12,0.33297797756233527,10,'None'),25,0.9291257421941627,'SAMME')	0.609171698457029	21.229778051376343
pca(0.8764625119327752,True);selectPercentile(67.49729644755728);minMaxScaler();pca(0.827620118724357,False);varianceThreshold();maxAbsScaler();logisticRegression('l2','newton-cg',1000,11.788446672408776,'balanced')	invalid_ind (duplicated operator)	invalid_ind (duplicated operator)
varianceThreshold();varianceThreshold();varianceThreshold();varianceThreshold();bernoulliNB(12.24537850659824,True)	invalid_ind (duplicated operator)	invalid_ind (duplicated operator)
varianceThreshold();selectPercentile(23.532616542094964);nystroem('sigmoid',4.656629713872288,78,3,-0.06503028902992924);pca(0.9293557312154097,False);selectFwe(0.01171306329048771);decisionTree('entropy',13,16,0.7778103285353217,10,'None')	eval_error (Found array with 0 feature(s) (shape=(34800, 0)) while a minimum of 1 is required by DecisionTreeClassifier.)	eval_error (Found array with 0 feature(s) (shape=(34800, 0)) while a minimum of 1 is required by DecisionTreeClassifier.)
nystroem('sigmoid',2.2106474537829452,66,5,-0.07186365816035423);pca(0.6002084008710409,True);adaBoost(decisionTree('entropy',28,13,0.4477453867296215,12,'None'),38,1.902739586516493,'SAMME')	0.18607088334404148	cached
minMaxScaler();nystroem('sigmoid',0.13932962697589146,58,5,0.2672838046821482);selectPercentile(12.52779336457872);adaBoost(decisionTree('gini',19,17,0.14619796964054443,8,'balanced'),13,0.42548904503074875,'SAMME')	0.8406024623292737	15.898771524429321
nystroem('sigmoid',2.2106474537829452,66,5,-0.07186365816035423);pca(0.6002084008710409,True);adaBoost(decisionTree('gini',28,13,0.4477453867296215,12,'None'),91,1.416073580656632,'SAMME')	0.18615408475236167	33.18490815162659
selectFwe(0.0061175846490828115);nystroem('cosine',0.7358080773031397,25,2,-0.9506551448519158);nystroem('rbf',4.5408948995489595,87,2,-0.18617990774113924);selectPercentile(96.51986805524741);nystroem('sigmoid',0.17085521007575558,59,5,0.2974041276741326);adaBoost(decisionTree('entropy',2,13,0.46081784817900406,18,'None'),38,1.902739586516493,'SAMME')	invalid_ind (duplicated operator)	invalid_ind (duplicated operator)
mlpClassifier((85, 2),0.09528060055435454,0.015833460534613757,'sgd','logistic')	0.4273970417977201	47.474369764328
selectPercentile(67.00640740415653);nystroem('rbf',7.926058949227791,82,3,-0.7865126050343756);fastICA(35,'deflation','arbitrary-variance','logcosh');nystroem('poly',0.7431471479208718,86,5,0.8775295667392682);minMaxScaler();minMaxScaler();mlpClassifier((82, 19),0.06636741280111591,0.4317587470324145,'sgd','tanh')	invalid_ind (duplicated operator)	invalid_ind (duplicated operator)
varianceThreshold();selectFwe(0.019807387646522227);maxAbsScaler();fastICA(35,'deflation','arbitrary-variance','logcosh');selectPercentile(45.791557689978596);adaBoost(decisionTree('entropy',24,15,0.504151452822573,19,'None'),65,0.33674340719252865,'SAMME')	0.8905543133907606	135.26974844932556
maxAbsScaler();selectPercentile(67.49729644755728);selectFwe(0.01882471416403296);pca(0.827620118724357,False);varianceThreshold();maxAbsScaler();logisticRegression('l2','newton-cg',1000,11.788446672408776,'balanced')	invalid_ind (duplicated operator)	invalid_ind (duplicated operator)
nystroem('rbf',6.282217837690618,98,3,0.7931343299680971);maxAbsScaler();varianceThreshold();extraTreesClassifier(62,'gini','sqrt',12,5,False,'None')	0.14285714285714285	cached
selectPercentile(67.00640740415653);nystroem('rbf',7.926058949227791,82,3,-0.7865126050343756);selectPercentile(76.86904177432002);nystroem('poly',0.7431471479208718,86,5,0.8775295667392682);minMaxScaler();minMaxScaler();mlpClassifier((82, 19),0.06636741280111591,0.4317587470324145,'sgd','tanh')	invalid_ind (duplicated operator)	invalid_ind (duplicated operator)
varianceThreshold();selectPercentile(23.532616542094964);nystroem('sigmoid',4.656629713872288,78,3,-0.06503028902992924);pca(0.9293557312154097,False);selectFwe(0.01171306329048771);decisionTree('gini',13,16,0.7778103285353217,10,'None')	eval_error (Found array with 0 feature(s) (shape=(34800, 0)) while a minimum of 1 is required by DecisionTreeClassifier.)	eval_error (Found array with 0 feature(s) (shape=(34800, 0)) while a minimum of 1 is required by DecisionTreeClassifier.)
minMaxScaler();pca(0.7370034193859818,True);pca(0.7315326987572575,True);robustScaler(True,False);varianceThreshold();minMaxScaler();bernoulliNB(12.24537850659824,True)	invalid_ind (duplicated operator)	invalid_ind (duplicated operator)
varianceThreshold();selectFwe(0.01882471416403296);maxAbsScaler();fastICA(35,'deflation','arbitrary-variance','logcosh');selectPercentile(45.791557689978596);adaBoost(decisionTree('entropy',24,15,0.504151452822573,19,'None'),65,0.33674340719252865,'SAMME')	0.8905543133907606	cached
pca(0.827620118724357,True);selectPercentile(67.49729644755728);minMaxScaler();pca(0.827620118724357,False);varianceThreshold();maxAbsScaler();adaBoost(decisionTree('entropy',28,13,0.4477453867296215,12,'None'),38,1.902739586516493,'SAMME')	invalid_ind (duplicated operator)	invalid_ind (duplicated operator)
extraTreesClassifier(62,'gini','sqrt',12,5,True,'balanced_subsample')	0.8340698134360471	15.56749701499939
maxAbsScaler();minMaxScaler();selectPercentile(56.93623153874503);logisticRegression('l2','newton-cg',1000,11.788446672408776,'balanced')	0.7027631669167465	19.109652757644653
pca(0.8764625119327752,True);selectPercentile(67.49729644755728);minMaxScaler();pca(0.827620118724357,False);varianceThreshold();maxAbsScaler();adaBoost(decisionTree('entropy',29,20,0.22600741598132768,11,'balanced'),92,0.5473840821457541,'SAMME')	invalid_ind (duplicated operator)	invalid_ind (duplicated operator)
robustScaler(True,False);varianceThreshold();adaBoost(decisionTree('entropy',28,7,0.08878638652340642,16,'balanced'),26,0.5334912774697786,'SAMME')	0.802746635595691	25.20068597793579
pca(0.7071723441242446,True);minMaxScaler();fastICA(35,'deflation','arbitrary-variance','logcosh');adaBoost(decisionTree('entropy',28,9,0.8276009370306416,19,'None'),13,0.42548904503074875,'SAMME')	0.1728170890189023	25.522289991378784
varianceThreshold();varianceThreshold();selectFwe(0.01124871814610842);varianceThreshold();bernoulliNB(12.24537850659824,True)	invalid_ind (duplicated operator)	invalid_ind (duplicated operator)
maxAbsScaler();varianceThreshold();maxAbsScaler();fastICA(74,'parallel','unit-variance','logcosh');selectPercentile(45.791557689978596);adaBoost(decisionTree('entropy',24,15,0.504151452822573,19,'None'),65,0.33674340719252865,'SAMME')	invalid_ind (duplicated operator)	invalid_ind (duplicated operator)
maxAbsScaler();selectPercentile(67.49729644755728);robustScaler(False,False);pca(0.7071723441242446,False);varianceThreshold();maxAbsScaler();logisticRegression('l2','newton-cg',1000,11.788446672408776,'balanced')	invalid_ind (duplicated operator)	invalid_ind (duplicated operator)
nystroem('rbf',6.282217837690618,98,3,0.7931343299680971);maxAbsScaler();varianceThreshold();gaussianNB(0.005345998845496758)	0.14285714285714285	12.081870079040527
nystroem('sigmoid',3.6414422968828246,66,2,0.42763404034839847);pca(0.8764625119327752,True);lda(0.8587736847999885,246,0.0161415339953486)	eval_error (n_components cannot be larger than min(n_features, n_classes - 1).)	eval_error (n_components cannot be larger than min(n_features, n_classes - 1).)
pca(0.7071723441242446,True);minMaxScaler();selectPercentile(76.86904177432002);adaBoost(decisionTree('entropy',28,9,0.8276009370306416,19,'None'),13,0.42548904503074875,'SAMME')	eval_error (Found array with 0 feature(s) (shape=(34800, 0)) while a minimum of 1 is required by AdaBoostClassifier.)	eval_error (Found array with 0 feature(s) (shape=(34800, 0)) while a minimum of 1 is required by AdaBoostClassifier.)
varianceThreshold();maxAbsScaler();varianceThreshold();minMaxScaler();minMaxScaler();adaBoost(decisionTree('gini',14,17,0.7014887154027867,7,'None'),84,1.5056805564104314,'SAMME')	invalid_ind (duplicated operator)	invalid_ind (duplicated operator)
robustScaler(True,False);varianceThreshold();adaBoost(decisionTree('gini',9,5,0.131313347183873,5,'None'),26,0.5334912774697786,'SAMME')	0.8412741995335455	cached
varianceThreshold();selectPercentile(23.532616542094964);nystroem('sigmoid',0.13932962697589146,58,5,0.2672838046821482);pca(0.9293557312154097,False);selectFwe(0.01171306329048771);decisionTree('gini',19,17,0.14619796964054443,8,'balanced')	eval_error (Found array with 0 feature(s) (shape=(34800, 0)) while a minimum of 1 is required by DecisionTreeClassifier.)	eval_error (Found array with 0 feature(s) (shape=(34800, 0)) while a minimum of 1 is required by DecisionTreeClassifier.)
pca(0.7844126162861844,False);maxAbsScaler();adaBoost(decisionTree('entropy',7,12,0.33297797756233527,10,'None'),25,0.9291257421941627,'SAMME')	0.609171698457029	48.31834578514099
gaussianNB(0.005345998845496758)	0.7637903085368604	6.306232452392578
nystroem('sigmoid',2.2106474537829452,66,5,-0.07186365816035423);varianceThreshold();adaBoost(decisionTree('gini',28,13,0.4477453867296215,12,'None'),91,1.416073580656632,'SAMME')	0.2003483396410127	107.44284701347351
maxAbsScaler();selectPercentile(67.49729644755728);selectFwe(0.01882471416403296);pca(0.6002084008710409,False);varianceThreshold();maxAbsScaler();logisticRegression('l2','newton-cg',1000,11.788446672408776,'None')	invalid_ind (duplicated operator)	invalid_ind (duplicated operator)
maxAbsScaler();selectPercentile(67.49729644755728);selectFwe(0.01882471416403296);pca(0.827620118724357,False);varianceThreshold();maxAbsScaler();logisticRegression('l2','newton-cg',1000,11.788446672408776,'balanced')	invalid_ind (duplicated operator)	invalid_ind (duplicated operator)
varianceThreshold();nystroem('cosine',0.7358080773031397,25,2,-0.9506551448519158);nystroem('rbf',4.5408948995489595,87,2,-0.18617990774113924);selectPercentile(96.51986805524741);nystroem('sigmoid',0.17085521007575558,59,5,0.2974041276741326);adaBoost(decisionTree('entropy',2,13,0.46081784817900406,18,'None'),38,1.902739586516493,'SAMME')	invalid_ind (duplicated operator)	invalid_ind (duplicated operator)
robustScaler(True,False);varianceThreshold();adaBoost(decisionTree('entropy',24,5,0.131313347183873,5,'None'),65,0.33674340719252865,'SAMME')	0.8005097340284264	80.55845975875854
maxAbsScaler();selectFwe(0.01882471416403296);maxAbsScaler();fastICA(74,'parallel','unit-variance','logcosh');selectPercentile(45.791557689978596);adaBoost(decisionTree('gini',9,15,0.504151452822573,19,'None'),26,0.5334912774697786,'SAMME')	invalid_ind (duplicated operator)	invalid_ind (duplicated operator)
pca(0.827620118724357,True);selectPercentile(67.49729644755728);minMaxScaler();pca(0.827620118724357,False);varianceThreshold();maxAbsScaler();logisticRegression('l2','newton-cg',1000,11.788446672408776,'balanced')	invalid_ind (duplicated operator)	invalid_ind (duplicated operator)
robustScaler(True,False);varianceThreshold();adaBoost(decisionTree('gini',9,5,0.131313347183873,5,'None'),26,0.5334912774697786,'SAMME')	0.8412741995335455	cached
robustScaler(False,False);robustScaler(True,True);adaBoost(decisionTree('entropy',28,7,0.2867938203820377,4,'None'),33,0.15494279835117597,'SAMME')	invalid_ind (duplicated operator)	invalid_ind (duplicated operator)
minMaxScaler();nystroem('sigmoid',0.13932962697589146,58,5,0.2672838046821482);selectPercentile(12.52779336457872);adaBoost(decisionTree('gini',19,17,0.14619796964054443,8,'balanced'),13,0.42548904503074875,'SAMME')	0.8406024623292737	cached
selectPercentile(67.00640740415653);nystroem('rbf',7.926058949227791,82,2,-0.9506551448519158);fastICA(35,'deflation','arbitrary-variance','logcosh');nystroem('poly',0.7431471479208718,86,5,0.8775295667392682);minMaxScaler();minMaxScaler();mlpClassifier((82, 19),0.06636741280111591,0.4317587470324145,'sgd','tanh')	invalid_ind (duplicated operator)	invalid_ind (duplicated operator)
selectFwe(0.0061175846490828115);nystroem('cosine',0.7358080773031397,25,3,-0.7865126050343756);nystroem('rbf',4.5408948995489595,87,2,-0.18617990774113924);selectPercentile(96.51986805524741);nystroem('sigmoid',0.17085521007575558,59,5,0.2974041276741326);adaBoost(decisionTree('entropy',2,13,0.46081784817900406,18,'None'),38,1.902739586516493,'SAMME')	invalid_ind (duplicated operator)	invalid_ind (duplicated operator)
pca(0.7844126162861844,False);maxAbsScaler();adaBoost(decisionTree('entropy',19,14,0.7428463953630833,17,'None'),61,0.8051063405595483,'SAMME')	0.6272486163562729	175.72218012809753
minMaxScaler();nystroem('sigmoid',4.656629713872288,78,3,-0.06503028902992924);selectPercentile(12.52779336457872);adaBoost(decisionTree('entropy',13,16,0.7778103285353217,10,'None'),57,0.0832370546964789,'SAMME')	0.5152162821292949	169.13507795333862
adaBoost(decisionTree('gini',19,14,0.7155831418615253,7,'None'),25,0.9291257421941627,'SAMME')	0.9406493351680275	42.23497653007507
varianceThreshold();selectFwe(0.019807387646522227);maxAbsScaler();pca(0.7071723441242446,True);selectPercentile(45.791557689978596);adaBoost(decisionTree('entropy',24,15,0.504151452822573,19,'None'),65,0.33674340719252865,'SAMME')	0.5296282565092805	147.78636288642883
logisticRegression('l2','newton-cg',1000,11.788446672408776,'balanced')	0.9887675657064078	293.62382411956787
nystroem('sigmoid',3.6414422968828246,66,2,0.42763404034839847);fastICA(35,'deflation','arbitrary-variance','logcosh');lda(0.8587736847999885,246,0.0161415339953486)	eval_timeout_error	eval_timeout_error
extraTreesClassifier(91,'entropy','sqrt',8,7,False,'balanced_subsample')	0.9087283568739682	cached
selectPercentile(67.00640740415653);nystroem('cosine',0.7358080773031397,25,2,-0.9506551448519158);fastICA(35,'deflation','arbitrary-variance','logcosh');nystroem('poly',0.7431471479208718,86,5,0.8775295667392682);minMaxScaler();minMaxScaler();mlpClassifier((82, 19),0.06636741280111591,0.4317587470324145,'sgd','tanh')	invalid_ind (duplicated operator)	invalid_ind (duplicated operator)
varianceThreshold();selectPercentile(23.532616542094964);nystroem('sigmoid',0.13932962697589146,58,5,0.2672838046821482);pca(0.9293557312154097,False);selectFwe(0.01171306329048771);decisionTree('gini',19,17,0.14619796964054443,8,'balanced')	eval_error (Found array with 0 feature(s) (shape=(34800, 0)) while a minimum of 1 is required by DecisionTreeClassifier.)	eval_error (Found array with 0 feature(s) (shape=(34800, 0)) while a minimum of 1 is required by DecisionTreeClassifier.)
robustScaler(False,False);robustScaler(True,True);adaBoost(decisionTree('entropy',24,7,0.23986917742075164,4,'None'),65,0.33674340719252865,'SAMME')	invalid_ind (duplicated operator)	invalid_ind (duplicated operator)
extraTreesClassifier(91,'entropy','sqrt',8,7,False,'balanced_subsample')	0.9087283568739682	8.679218530654907
varianceThreshold();maxAbsScaler();varianceThreshold();minMaxScaler();minMaxScaler();adaBoost(decisionTree('gini',14,17,0.7014887154027867,7,'None'),84,1.5056805564104314,'SAMME')	invalid_ind (duplicated operator)	invalid_ind (duplicated operator)
maxAbsScaler();selectPercentile(67.49729644755728);robustScaler(False,False);pca(0.7071723441242446,False);varianceThreshold();maxAbsScaler();logisticRegression('l2','newton-cg',1000,11.788446672408776,'balanced')	invalid_ind (duplicated operator)	invalid_ind (duplicated operator)
selectFwe(0.0061175846490828115);nystroem('cosine',0.7358080773031397,25,3,-0.7865126050343756);nystroem('rbf',4.5408948995489595,87,2,-0.18617990774113924);selectPercentile(96.51986805524741);nystroem('sigmoid',0.17085521007575558,59,5,0.2974041276741326);adaBoost(decisionTree('entropy',2,13,0.46081784817900406,18,'None'),38,1.902739586516493,'SAMME')	invalid_ind (duplicated operator)	invalid_ind (duplicated operator)
minMaxScaler();nystroem('sigmoid',0.13932962697589146,58,5,0.2672838046821482);selectPercentile(12.52779336457872);extraTreesClassifier(91,'entropy','sqrt',8,7,False,'balanced_subsample')	0.7945444946785925	11.146831512451172
adaBoost(decisionTree('gini',19,17,0.14619796964054443,8,'balanced'),13,0.42548904503074875,'SAMME')	0.8007818691027916	10.91574740409851
varianceThreshold();selectFwe(0.019807387646522227);maxAbsScaler();pca(0.7071723441242446,True);selectPercentile(45.791557689978596);adaBoost(decisionTree('entropy',28,15,0.2867938203820377,19,'None'),33,0.15494279835117597,'SAMME')	0.4840861515186745	28.680081844329834
robustScaler(True,False);varianceThreshold();adaBoost(decisionTree('entropy',24,5,0.504151452822573,5,'None'),65,0.33674340719252865,'SAMME')	0.9667905643092565	33.15195655822754
varianceThreshold();selectPercentile(23.532616542094964);nystroem('sigmoid',0.13932962697589146,58,5,0.2672838046821482);pca(0.9293557312154097,False);selectFwe(0.01171306329048771);decisionTree('entropy',24,17,0.504151452822573,8,'None')	eval_error (Found array with 0 feature(s) (shape=(34800, 0)) while a minimum of 1 is required by DecisionTreeClassifier.)	eval_error (Found array with 0 feature(s) (shape=(34800, 0)) while a minimum of 1 is required by DecisionTreeClassifier.)
varianceThreshold();maxAbsScaler();selectPercentile(96.51986805524741);nystroem('sigmoid',0.17085521007575558,59,5,0.2974041276741326);adaBoost(decisionTree('entropy',2,13,0.46081784817900406,18,'None'),38,1.902739586516493,'SAMME')	0.7482465628951113	172.7406656742096
varianceThreshold();nystroem('cosine',0.7358080773031397,25,2,-0.9506551448519158);nystroem('rbf',4.5408948995489595,87,2,-0.18617990774113924);selectPercentile(96.51986805524741);nystroem('sigmoid',0.17085521007575558,59,5,0.2974041276741326);extraTreesClassifier(62,'gini','sqrt',12,5,True,'balanced_subsample')	invalid_ind (duplicated operator)	invalid_ind (duplicated operator)
adaBoost(decisionTree('entropy',2,13,0.46081784817900406,18,'None'),38,1.902739586516493,'SAMME')	0.80038280887709	23.35499358177185
varianceThreshold();selectFwe(0.019807387646522227);maxAbsScaler();fastICA(35,'deflation','arbitrary-variance','logcosh');selectPercentile(45.791557689978596);adaBoost(decisionTree('entropy',24,15,0.504151452822573,19,'None'),65,0.33674340719252865,'SAMME')	0.8905543133907606	218.14653897285461
varianceThreshold();selectFwe(0.01882471416403296);maxAbsScaler();fastICA(35,'deflation','arbitrary-variance','logcosh');selectPercentile(45.791557689978596);adaBoost(decisionTree('gini',9,15,0.131313347183873,19,'None'),26,0.5334912774697786,'SAMME')	0.8536081028390676	188.08610463142395
extraTreesClassifier(91,'entropy','sqrt',8,7,False,'balanced_subsample')	0.9087283568739682	10.931530475616455
maxAbsScaler();selectPercentile(67.49729644755728);selectFwe(0.01882471416403296);pca(0.827620118724357,False);varianceThreshold();maxAbsScaler();adaBoost(decisionTree('gini',19,14,0.7155831418615253,7,'None'),25,0.9291257421941627,'SAMME')	invalid_ind (duplicated operator)	invalid_ind (duplicated operator)
varianceThreshold();selectFwe(0.019807387646522227);maxAbsScaler();fastICA(35,'deflation','arbitrary-variance','logcosh');selectPercentile(45.791557689978596);adaBoost(decisionTree('gini',19,15,0.14619796964054443,19,'balanced'),65,0.33674340719252865,'SAMME')	eval_timeout_error	eval_timeout_error
minMaxScaler();nystroem('sigmoid',0.13932962697589146,58,5,-0.5775479081083481);selectPercentile(12.52779336457872);adaBoost(decisionTree('entropy',19,17,0.7428463953630833,8,'None'),61,0.8051063405595483,'SAMME')	eval_timeout_error	eval_timeout_error
varianceThreshold();selectPercentile(23.532616542094964);nystroem('sigmoid',0.13932962697589146,58,5,0.2672838046821482);pca(0.9293557312154097,False);selectFwe(0.01171306329048771);decisionTree('gini',19,17,0.14619796964054443,8,'None')	eval_error (Found array with 0 feature(s) (shape=(34800, 0)) while a minimum of 1 is required by DecisionTreeClassifier.)	eval_error (Found array with 0 feature(s) (shape=(34800, 0)) while a minimum of 1 is required by DecisionTreeClassifier.)
varianceThreshold();maxAbsScaler();varianceThreshold();minMaxScaler();minMaxScaler();adaBoost(decisionTree('gini',14,17,0.7014887154027867,7,'balanced'),84,1.5056805564104314,'SAMME')	invalid_ind (duplicated operator)	invalid_ind (duplicated operator)
maxAbsScaler();minMaxScaler();selectPercentile(56.93623153874503);adaBoost(decisionTree('entropy',28,13,0.4477453867296215,12,'None'),38,1.902739586516493,'SAMME')	0.8655619488212949	cached
maxAbsScaler();minMaxScaler();selectPercentile(56.93623153874503);adaBoost(decisionTree('entropy',28,13,0.4477453867296215,12,'None'),38,1.902739586516493,'SAMME')	0.8655619488212949	cached
maxAbsScaler();selectPercentile(67.49729644755728);robustScaler(False,False);nystroem('sigmoid',4.656629713872288,78,3,-0.06503028902992924);varianceThreshold();maxAbsScaler();logisticRegression('l2','newton-cg',1000,11.788446672408776,'balanced')	invalid_ind (duplicated operator)	invalid_ind (duplicated operator)
robustScaler(False,False);varianceThreshold();adaBoost(decisionTree('gini',9,5,0.131313347183873,5,'None'),72,0.5334912774697786,'SAMME')	0.8205646790833713	76.62376832962036
minMaxScaler();nystroem('sigmoid',0.13932962697589146,58,5,-0.5775479081083481);selectPercentile(12.52779336457872);adaBoost(decisionTree('gini',19,17,0.14619796964054443,8,'balanced'),57,0.0832370546964789,'SAMME')	0.862284009617181	cached
varianceThreshold();minMaxScaler();selectPercentile(92.92539185820493);varianceThreshold();adaBoost(decisionTree('entropy',24,5,0.131313347183873,5,'None'),65,0.33674340719252865,'SAMME')	invalid_ind (duplicated operator)	invalid_ind (duplicated operator)
varianceThreshold();selectFwe(0.01882471416403296);maxAbsScaler();fastICA(35,'deflation','arbitrary-variance','logcosh');selectPercentile(45.791557689978596);adaBoost(decisionTree('gini',19,19,0.25471600996907184,17,'balanced'),47,0.6389752643327605,'SAMME')	eval_timeout_error	eval_timeout_error
robustScaler(True,False);varianceThreshold();adaBoost(decisionTree('gini',9,5,0.131313347183873,5,'None'),26,0.5334912774697786,'SAMME')	0.8412741995335455	cached
adaBoost(decisionTree('entropy',10,8,0.668685999109381,11,'None'),55,1.019160659221214,'SAMME')	0.965632359891706	102.64901947975159
varianceThreshold();selectPercentile(23.532616542094964);nystroem('sigmoid',0.13932962697589146,58,5,0.2672838046821482);pca(0.7071723441242446,False);selectFwe(0.01171306329048771);decisionTree('gini',19,17,0.14619796964054443,8,'balanced')	eval_error (Found array with 0 feature(s) (shape=(34800, 0)) while a minimum of 1 is required by DecisionTreeClassifier.)	eval_error (Found array with 0 feature(s) (shape=(34800, 0)) while a minimum of 1 is required by DecisionTreeClassifier.)
maxAbsScaler();maxAbsScaler();minMaxScaler();pca(0.9293557312154097,False);varianceThreshold();maxAbsScaler();logisticRegression('l2','newton-cg',1000,11.788446672408776,'balanced')	invalid_ind (duplicated operator)	invalid_ind (duplicated operator)
minMaxScaler();nystroem('sigmoid',0.13932962697589146,58,5,0.2672838046821482);varianceThreshold();adaBoost(decisionTree('gini',19,17,0.14619796964054443,8,'balanced'),13,0.42548904503074875,'SAMME')	0.931213930743394	100.56529259681702
varianceThreshold();selectPercentile(12.52779336457872);selectFwe(0.01124871814610842);varianceThreshold();bernoulliNB(12.24537850659824,True)	invalid_ind (duplicated operator)	invalid_ind (duplicated operator)
minMaxScaler();pca(0.7071723441242446,False);selectPercentile(12.52779336457872);adaBoost(decisionTree('entropy',13,16,0.7778103285353217,10,'None'),57,0.0832370546964789,'SAMME')	0.5346018183285235	127.4427399635315
pca(0.7844126162861844,False);maxAbsScaler();adaBoost(decisionTree('gini',19,14,0.14619796964054443,17,'balanced'),57,0.0832370546964789,'SAMME')	0.8916104404823398	151.59507942199707
logisticRegression('l2','newton-cg',1000,11.788446672408776,'balanced')	0.9887675657064078	278.5853614807129
adaBoost(decisionTree('gini',19,17,0.14619796964054443,8,'balanced'),13,0.42548904503074875,'SAMME')	0.8007818691027916	cached
maxAbsScaler();selectPercentile(67.49729644755728);selectFwe(0.01882471416403296);pca(0.827620118724357,False);varianceThreshold();maxAbsScaler();adaBoost(decisionTree('gini',19,14,0.7155831418615253,7,'None'),25,0.9291257421941627,'SAMME')	invalid_ind (duplicated operator)	invalid_ind (duplicated operator)
varianceThreshold();selectFwe(0.01882471416403296);maxAbsScaler();fastICA(35,'deflation','arbitrary-variance','logcosh');selectPercentile(45.791557689978596);adaBoost(decisionTree('entropy',24,15,0.504151452822573,19,'None'),65,0.33674340719252865,'SAMME')	0.8905543133907606	cached
extraTreesClassifier(91,'entropy','sqrt',8,7,False,'balanced_subsample')	0.9087283568739682	cached
robustScaler(False,False);robustScaler(True,True);adaBoost(decisionTree('entropy',24,7,0.23986917742075164,4,'None'),65,0.33674340719252865,'SAMME')	invalid_ind (duplicated operator)	invalid_ind (duplicated operator)
maxAbsScaler();selectPercentile(67.49729644755728);robustScaler(False,False);nystroem('sigmoid',4.656629713872288,78,3,-0.06503028902992924);varianceThreshold();maxAbsScaler();logisticRegression('l2','newton-cg',1000,11.788446672408776,'balanced')	invalid_ind (duplicated operator)	invalid_ind (duplicated operator)
varianceThreshold();nystroem('cosine',0.7358080773031397,25,2,-0.9506551448519158);nystroem('rbf',4.5408948995489595,87,2,-0.18617990774113924);selectPercentile(96.51986805524741);nystroem('sigmoid',0.17085521007575558,59,5,0.2974041276741326);extraTreesClassifier(62,'gini','sqrt',12,5,True,'balanced_subsample')	invalid_ind (duplicated operator)	invalid_ind (duplicated operator)
varianceThreshold();selectPercentile(23.532616542094964);nystroem('sigmoid',0.13932962697589146,58,5,0.2672838046821482);pca(0.9293557312154097,False);selectFwe(0.01171306329048771);decisionTree('entropy',24,17,0.504151452822573,19,'None')	eval_error (Found array with 0 feature(s) (shape=(34800, 0)) while a minimum of 1 is required by DecisionTreeClassifier.)	eval_error (Found array with 0 feature(s) (shape=(34800, 0)) while a minimum of 1 is required by DecisionTreeClassifier.)
varianceThreshold();selectPercentile(23.532616542094964);nystroem('sigmoid',0.13932962697589146,58,5,0.2672838046821482);pca(0.9293557312154097,False);selectFwe(0.01171306329048771);decisionTree('entropy',24,17,0.14619796964054443,8,'None')	eval_error (Found array with 0 feature(s) (shape=(34800, 0)) while a minimum of 1 is required by DecisionTreeClassifier.)	eval_error (Found array with 0 feature(s) (shape=(34800, 0)) while a minimum of 1 is required by DecisionTreeClassifier.)
varianceThreshold();minMaxScaler();selectPercentile(92.92539185820493);varianceThreshold();adaBoost(decisionTree('entropy',22,18,0.905994651214558,20,'None'),65,0.33674340719252865,'SAMME')	invalid_ind (duplicated operator)	invalid_ind (duplicated operator)
adaBoost(decisionTree('gini',19,14,0.14619796964054443,8,'None'),25,0.9291257421941627,'SAMME')	0.8019801077581461	16.520029067993164
varianceThreshold();selectPercentile(23.532616542094964);nystroem('sigmoid',0.13932962697589146,58,5,0.2672838046821482);pca(0.9293557312154097,False);selectFwe(0.01171306329048771);decisionTree('gini',19,17,0.7155831418615253,7,'None')	eval_error (Found array with 0 feature(s) (shape=(34800, 0)) while a minimum of 1 is required by DecisionTreeClassifier.)	eval_error (Found array with 0 feature(s) (shape=(34800, 0)) while a minimum of 1 is required by DecisionTreeClassifier.)
robustScaler(True,False);varianceThreshold();adaBoost(decisionTree('entropy',2,5,0.46081784817900406,18,'None'),38,1.902739586516493,'SAMME')	0.80038280887709	23.693913459777832
selectFwe(0.0061175846490828115);nystroem('cosine',0.7358080773031397,25,3,-0.7865126050343756);nystroem('rbf',4.5408948995489595,87,2,-0.18617990774113924);selectPercentile(96.51986805524741);nystroem('sigmoid',0.17085521007575558,59,5,0.2974041276741326);adaBoost(decisionTree('entropy',24,13,0.504151452822573,5,'None'),65,0.33674340719252865,'SAMME')	invalid_ind (duplicated operator)	invalid_ind (duplicated operator)
maxAbsScaler();maxAbsScaler();minMaxScaler();pca(0.9293557312154097,False);varianceThreshold();maxAbsScaler();logisticRegression('l2','newton-cg',1000,11.788446672408776,'balanced')	invalid_ind (duplicated operator)	invalid_ind (duplicated operator)
adaBoost(decisionTree('entropy',10,8,0.668685999109381,11,'None'),55,1.019160659221214,'SAMME')	0.965632359891706	48.052860736846924
minMaxScaler();nystroem('sigmoid',0.13932962697589146,58,5,-0.5775479081083481);selectPercentile(12.52779336457872);adaBoost(decisionTree('gini',19,17,0.14619796964054443,8,'balanced'),57,0.0832370546964789,'SAMME')	0.862284009617181	cached
maxAbsScaler();selectPercentile(67.49729644755728);selectFwe(0.01882471416403296);pca(0.827620118724357,False);varianceThreshold();maxAbsScaler();adaBoost(decisionTree('gini',19,14,0.7155831418615253,7,'None'),25,0.9291257421941627,'SAMME')	invalid_ind (duplicated operator)	invalid_ind (duplicated operator)
minMaxScaler();nystroem('sigmoid',0.13932962697589146,58,5,0.2672838046821482);selectPercentile(12.52779336457872);adaBoost(decisionTree('gini',19,17,0.14619796964054443,8,'None'),57,0.0832370546964789,'SAMME')	0.7714749742837876	56.615784645080566
varianceThreshold();selectPercentile(23.532616542094964);nystroem('sigmoid',0.13932962697589146,58,5,-0.5775479081083481);pca(0.9293557312154097,False);selectFwe(0.01171306329048771);decisionTree('gini',19,17,0.14619796964054443,8,'balanced')	eval_error (Found array with 0 feature(s) (shape=(34800, 0)) while a minimum of 1 is required by DecisionTreeClassifier.)	eval_error (Found array with 0 feature(s) (shape=(34800, 0)) while a minimum of 1 is required by DecisionTreeClassifier.)
selectFwe(0.0061175846490828115);nystroem('cosine',0.7358080773031397,25,3,-0.7865126050343756);nystroem('rbf',4.5408948995489595,87,2,-0.18617990774113924);selectPercentile(96.51986805524741);nystroem('sigmoid',0.17085521007575558,59,5,0.2974041276741326);adaBoost(decisionTree('entropy',2,13,0.46081784817900406,18,'None'),38,1.902739586516493,'SAMME')	invalid_ind (duplicated operator)	invalid_ind (duplicated operator)
extraTreesClassifier(91,'entropy','sqrt',8,7,False,'balanced_subsample')	0.9087283568739682	20.232434272766113
varianceThreshold();selectFwe(0.019807387646522227);maxAbsScaler();fastICA(35,'deflation','arbitrary-variance','logcosh');selectPercentile(45.791557689978596);adaBoost(decisionTree('entropy',24,15,0.504151452822573,19,'None'),65,0.33674340719252865,'SAMME')	eval_timeout_error	eval_timeout_error
adaBoost(decisionTree('entropy',10,8,0.668685999109381,11,'None'),65,0.33674340719252865,'SAMME')	0.9359831942425403	84.86607241630554
varianceThreshold();selectFwe(0.019807387646522227);maxAbsScaler();fastICA(35,'deflation','arbitrary-variance','logcosh');selectPercentile(45.791557689978596);adaBoost(decisionTree('gini',19,15,0.14619796964054443,8,'None'),65,0.33674340719252865,'SAMME')	eval_timeout_error	eval_timeout_error
varianceThreshold();selectFwe(0.01882471416403296);maxAbsScaler();fastICA(35,'deflation','arbitrary-variance','logcosh');selectPercentile(45.791557689978596);adaBoost(decisionTree('entropy',24,15,0.504151452822573,19,'None'),65,0.33674340719252865,'SAMME')	0.8905543133907606	cached
adaBoost(decisionTree('gini',19,14,0.7155831418615253,7,'None'),25,0.9291257421941627,'SAMME')	0.9406493351680275	cached
varianceThreshold();nystroem('cosine',0.7358080773031397,25,2,-0.9506551448519158);nystroem('rbf',4.5408948995489595,87,2,-0.18617990774113924);selectPercentile(96.51986805524741);nystroem('sigmoid',0.17085521007575558,59,5,0.2974041276741326);extraTreesClassifier(62,'gini','sqrt',12,5,True,'balanced_subsample')	invalid_ind (duplicated operator)	invalid_ind (duplicated operator)
logisticRegression('l2','newton-cg',1000,11.788446672408776,'balanced')	eval_timeout_error	eval_timeout_error
logisticRegression('l2','newton-cg',1000,11.788446672408776,'balanced')	eval_timeout_error	eval_timeout_error
maxAbsScaler();minMaxScaler();selectPercentile(24.770160502686416);adaBoost(decisionTree('entropy',11,13,0.4477453867296215,12,'None'),38,1.902739586516493,'SAMME')	0.621551592784863	59.82571721076965
minMaxScaler();nystroem('sigmoid',0.13932962697589146,58,5,0.2672838046821482);varianceThreshold();adaBoost(decisionTree('gini',19,17,0.14619796964054443,8,'balanced'),13,0.42548904503074875,'SAMME')	0.931213930743394	cached
maxAbsScaler();selectPercentile(67.49729644755728);robustScaler(False,False);nystroem('rbf',1.618268649874207,78,3,-0.06503028902992924);varianceThreshold();maxAbsScaler();logisticRegression('l2','newton-cg',1000,11.788446672408776,'balanced')	invalid_ind (duplicated operator)	invalid_ind (duplicated operator)
adaBoost(decisionTree('entropy',10,8,0.668685999109381,11,'None'),55,1.019160659221214,'SAMME')	0.965632359891706	cached
selectPercentile(67.00640740415653);nystroem('cosine',0.7358080773031397,25,2,-0.9506551448519158);fastICA(35,'deflation','arbitrary-variance','logcosh');robustScaler(True,True);minMaxScaler();minMaxScaler();mlpClassifier((82, 19),0.06636741280111591,0.4317587470324145,'sgd','tanh')	invalid_ind (duplicated operator)	invalid_ind (duplicated operator)
adaBoost(decisionTree('entropy',2,13,0.46081784817900406,18,'None'),38,1.902739586516493,'SAMME')	0.80038280887709	54.69570875167847
varianceThreshold();selectFwe(0.019807387646522227);maxAbsScaler();fastICA(16,'deflation','arbitrary-variance','logcosh');selectPercentile(45.791557689978596);adaBoost(decisionTree('entropy',24,15,0.504151452822573,19,'None'),55,1.019160659221214,'SAMME')	eval_timeout_error	eval_timeout_error
adaBoost(decisionTree('entropy',10,8,0.668685999109381,11,'None'),55,1.019160659221214,'SAMME')	0.965632359891706	44.96808576583862
robustScaler(False,False);nystroem('poly',0.7431471479208718,86,5,0.8775295667392682);adaBoost(decisionTree('entropy',24,7,0.23986917742075164,4,'None'),65,0.33674340719252865,'SAMME')	eval_timeout_error	eval_timeout_error
robustScaler(False,False);pca(0.5907920973383026,True);adaBoost(decisionTree('entropy',24,7,0.23986917742075164,4,'None'),65,0.33674340719252865,'SAMME')	0.2115709822044008	118.13503742218018
maxAbsScaler();selectPercentile(67.49729644755728);selectFwe(0.01882471416403296);pca(0.827620118724357,False);varianceThreshold();maxAbsScaler();adaBoost(decisionTree('gini',19,14,0.7155831418615253,7,'None'),25,0.9291257421941627,'SAMME')	invalid_ind (duplicated operator)	invalid_ind (duplicated operator)
adaBoost(decisionTree('entropy',10,8,0.668685999109381,11,'None'),55,1.019160659221214,'SAMME')	0.965632359891706	cached
varianceThreshold();selectPercentile(23.532616542094964);nystroem('sigmoid',0.13932962697589146,58,5,0.2672838046821482);pca(0.9293557312154097,False);selectFwe(0.01171306329048771);decisionTree('entropy',24,17,0.14619796964054443,8,'None')	eval_error (Found array with 0 feature(s) (shape=(34800, 0)) while a minimum of 1 is required by DecisionTreeClassifier.)	eval_error (Found array with 0 feature(s) (shape=(34800, 0)) while a minimum of 1 is required by DecisionTreeClassifier.)
extraTreesClassifier(91,'entropy','sqrt',8,7,False,'balanced_subsample')	0.9087283568739682	17.34390664100647
adaBoost(decisionTree('gini',19,8,0.14619796964054443,11,'None'),57,0.0832370546964789,'SAMME')	0.7777524250117711	65.11534690856934
robustScaler(True,False);varianceThreshold();adaBoost(decisionTree('entropy',2,5,0.46081784817900406,18,'None'),38,1.902739586516493,'SAMME')	0.80038280887709	44.830474853515625
varianceThreshold();selectFwe(0.019807387646522227);maxAbsScaler();fastICA(35,'deflation','arbitrary-variance','logcosh');selectPercentile(45.791557689978596);adaBoost(decisionTree('gini',19,15,0.14619796964054443,8,'None'),65,0.33674340719252865,'SAMME')	eval_timeout_error	eval_timeout_error
logisticRegression('l2','newton-cg',1000,11.788446672408776,'balanced')	eval_timeout_error	eval_timeout_error
minMaxScaler();nystroem('sigmoid',0.13932962697589146,58,5,0.2672838046821482);selectPercentile(12.52779336457872);adaBoost(decisionTree('entropy',10,17,0.668685999109381,8,'None'),55,1.019160659221214,'SAMME')	eval_timeout_error	eval_timeout_error
selectFwe(0.0061175846490828115);nystroem('cosine',0.7358080773031397,25,3,-0.7865126050343756);nystroem('rbf',4.5408948995489595,87,2,-0.18617990774113924);selectPercentile(96.51986805524741);nystroem('sigmoid',0.17085521007575558,59,5,0.2974041276741326);adaBoost(decisionTree('entropy',24,13,0.504151452822573,5,'None'),65,1.019160659221214,'SAMME')	invalid_ind (duplicated operator)	invalid_ind (duplicated operator)
varianceThreshold();selectFwe(0.019807387646522227);maxAbsScaler();fastICA(16,'deflation','arbitrary-variance','logcosh');selectPercentile(45.791557689978596);adaBoost(decisionTree('entropy',24,15,0.504151452822573,19,'None'),55,1.019160659221214,'SAMME')	eval_timeout_error	eval_timeout_error
logisticRegression('l2','newton-cg',1000,11.788446672408776,'balanced')	eval_timeout_error	eval_timeout_error
robustScaler(False,False);pca(0.5907920973383026,True);adaBoost(decisionTree('entropy',24,7,0.23986917742075164,4,'None'),55,1.019160659221214,'SAMME')	eval_timeout_error	eval_timeout_error
logisticRegression('l2','newton-cg',1000,11.788446672408776,'balanced')	eval_timeout_error	eval_timeout_error
logisticRegression('l2','newton-cg',1000,11.788446672408776,'balanced')	eval_timeout_error	eval_timeout_error
varianceThreshold();selectFwe(0.019807387646522227);maxAbsScaler();fastICA(35,'deflation','arbitrary-variance','logcosh');selectPercentile(45.791557689978596);adaBoost(decisionTree('entropy',24,15,0.23986917742075164,4,'None'),65,0.33674340719252865,'SAMME')	eval_timeout_error	eval_timeout_error
varianceThreshold();selectPercentile(23.532616542094964);nystroem('sigmoid',0.13932962697589146,58,5,0.2672838046821482);pca(0.9293557312154097,False);selectFwe(0.01171306329048771);decisionTree('gini',19,17,0.14619796964054443,7,'balanced')	eval_error (Found array with 0 feature(s) (shape=(34800, 0)) while a minimum of 1 is required by DecisionTreeClassifier.)	eval_error (Found array with 0 feature(s) (shape=(34800, 0)) while a minimum of 1 is required by DecisionTreeClassifier.)
robustScaler(False,False);nystroem('poly',0.7431471479208718,86,5,0.8775295667392682);adaBoost(decisionTree('entropy',24,7,0.23986917742075164,4,'None'),65,0.33674340719252865,'SAMME')	eval_timeout_error	eval_timeout_error
adaBoost(decisionTree('gini',13,6,0.04661346858217019,10,'None'),53,0.2227302381823161,'SAMME')	0.8026905609499071	148.0425305366516
robustScaler(False,False);nystroem('poly',0.7431471479208718,86,5,0.8775295667392682);adaBoost(decisionTree('entropy',24,7,0.504151452822573,19,'None'),65,0.33674340719252865,'SAMME')	eval_timeout_error	eval_timeout_error
maxAbsScaler();selectPercentile(67.49729644755728);robustScaler(False,False);nystroem('sigmoid',4.656629713872288,78,3,-0.06503028902992924);varianceThreshold();maxAbsScaler();logisticRegression('l2','newton-cg',1000,11.788446672408776,'balanced')	invalid_ind (duplicated operator)	invalid_ind (duplicated operator)
minMaxScaler();nystroem('sigmoid',0.13932962697589146,58,5,-0.5775479081083481);selectPercentile(12.52779336457872);adaBoost(decisionTree('gini',19,17,0.7155831418615253,8,'None'),57,0.0832370546964789,'SAMME')	eval_timeout_error	eval_timeout_error
adaBoost(decisionTree('entropy',10,8,0.668685999109381,11,'None'),55,1.019160659221214,'SAMME')	0.965632359891706	cached
adaBoost(decisionTree('entropy',10,8,0.668685999109381,11,'None'),55,1.019160659221214,'SAMME')	0.965632359891706	cached
extraTreesClassifier(91,'entropy','sqrt',8,7,False,'balanced_subsample')	0.9087283568739682	13.101855516433716
robustScaler(False,False);pca(0.5907920973383026,True);adaBoost(decisionTree('entropy',24,7,0.23986917742075164,4,'None'),65,0.33674340719252865,'SAMME')	0.2115709822044008	cached
minMaxScaler();nystroem('sigmoid',0.13932962697589146,58,5,0.2672838046821482);varianceThreshold();adaBoost(decisionTree('gini',19,17,0.14619796964054443,8,'balanced'),13,0.42548904503074875,'SAMME')	0.931213930743394	cached
varianceThreshold();selectPercentile(23.532616542094964);nystroem('sigmoid',0.13932962697589146,58,5,0.2672838046821482);pca(0.9293557312154097,False);selectFwe(0.01171306329048771);decisionTree('entropy',24,17,0.504151452822573,19,'None')	eval_error (Found array with 0 feature(s) (shape=(34800, 0)) while a minimum of 1 is required by DecisionTreeClassifier.)	eval_error (Found array with 0 feature(s) (shape=(34800, 0)) while a minimum of 1 is required by DecisionTreeClassifier.)
adaBoost(decisionTree('entropy',10,8,0.668685999109381,11,'None'),55,1.019160659221214,'SAMME')	0.965632359891706	cached
adaBoost(decisionTree('entropy',2,13,0.46081784817900406,18,'None'),38,1.902739586516493,'SAMME')	0.80038280887709	cached
extraTreesClassifier(91,'entropy','sqrt',8,7,False,'balanced_subsample')	0.9087283568739682	cached
varianceThreshold();minMaxScaler();selectPercentile(92.92539185820493);varianceThreshold();adaBoost(decisionTree('gini',19,14,0.7155831418615253,7,'None'),25,0.9291257421941627,'SAMME')	invalid_ind (duplicated operator)	invalid_ind (duplicated operator)
maxAbsScaler();selectPercentile(67.49729644755728);selectFwe(0.01882471416403296);pca(0.827620118724357,False);varianceThreshold();maxAbsScaler();adaBoost(decisionTree('entropy',22,18,0.905994651214558,20,'None'),65,0.33674340719252865,'SAMME')	invalid_ind (duplicated operator)	invalid_ind (duplicated operator)
varianceThreshold();selectFwe(0.019807387646522227);maxAbsScaler();fastICA(35,'deflation','arbitrary-variance','logcosh');selectPercentile(45.791557689978596);adaBoost(decisionTree('gini',19,15,0.14619796964054443,16,'None'),65,0.9291257421941627,'SAMME')	eval_timeout_error	eval_timeout_error
adaBoost(decisionTree('entropy',10,8,0.668685999109381,11,'None'),65,0.33674340719252865,'SAMME')	0.9359831942425403	163.5718479156494
varianceThreshold();selectFwe(0.019807387646522227);maxAbsScaler();fastICA(35,'deflation','arbitrary-variance','logcosh');selectPercentile(45.791557689978596);adaBoost(decisionTree('gini',19,15,0.14619796964054443,8,'None'),65,0.33674340719252865,'SAMME')	eval_timeout_error	eval_timeout_error
minMaxScaler();nystroem('sigmoid',0.13932962697589146,58,5,0.2672838046821482);selectPercentile(12.52779336457872);adaBoost(decisionTree('gini',19,17,0.14619796964054443,8,'None'),57,0.0832370546964789,'SAMME')	0.7714749742837876	cached
adaBoost(decisionTree('gini',10,6,0.3066055097457686,6,'None'),25,0.33674340719252865,'SAMME')	0.9191291886478808	37.59877896308899
logisticRegression('l2','newton-cg',1000,11.788446672408776,'balanced')	0.9887675657064078	283.5452392101288
logisticRegression('l2','newton-cg',1000,11.788446672408776,'balanced')	0.9887675657064078	cached
adaBoost(decisionTree('entropy',10,8,0.668685999109381,11,'None'),65,0.33674340719252865,'SAMME')	0.9359831942425403	cached
adaBoost(decisionTree('entropy',10,8,0.668685999109381,11,'None'),55,1.019160659221214,'SAMME')	0.965632359891706	cached
decisionTree('entropy',24,19,0.14619796964054443,8,'None')	0.6370874293501949	2.5670547485351562
varianceThreshold();selectPercentile(23.532616542094964);nystroem('sigmoid',0.13932962697589146,58,5,0.2672838046821482);pca(0.9293557312154097,False);selectFwe(0.01171306329048771);extraTreesClassifier(91,'entropy','sqrt',8,7,False,'balanced_subsample')	eval_error (Found array with 0 feature(s) (shape=(34800, 0)) while a minimum of 1 is required by ExtraTreesClassifier.)	eval_error (Found array with 0 feature(s) (shape=(34800, 0)) while a minimum of 1 is required by ExtraTreesClassifier.)
maxAbsScaler();selectPercentile(67.49729644755728);selectFwe(0.01882471416403296);pca(0.827620118724357,False);varianceThreshold();maxAbsScaler();adaBoost(decisionTree('gini',22,18,0.905994651214558,20,'None'),65,0.33674340719252865,'SAMME')	invalid_ind (duplicated operator)	invalid_ind (duplicated operator)
minMaxScaler();nystroem('sigmoid',0.13932962697589146,58,5,0.2672838046821482);varianceThreshold();logisticRegression('l2','newton-cg',1000,11.788446672408776,'balanced')	0.740442173338954	31.984517574310303
adaBoost(decisionTree('gini',19,14,0.7155831418615253,7,'None'),25,0.9291257421941627,'SAMME')	0.9406493351680275	34.168482065200806
adaBoost(decisionTree('gini',19,17,0.14619796964054443,8,'balanced'),13,0.42548904503074875,'SAMME')	0.8007818691027916	20.570605993270874
logisticRegression('l2','newton-cg',1000,11.788446672408776,'balanced')	0.9887675657064078	cached
varianceThreshold();selectFwe(0.019807387646522227);maxAbsScaler();fastICA(35,'deflation','arbitrary-variance','logcosh');selectPercentile(45.791557689978596);adaBoost(decisionTree('gini',19,15,0.14619796964054443,8,'None'),65,0.33674340719252865,'SAMME')	eval_timeout_error	eval_timeout_error
varianceThreshold();selectFwe(0.019807387646522227);maxAbsScaler();fastICA(16,'deflation','arbitrary-variance','logcosh');selectPercentile(45.791557689978596);adaBoost(decisionTree('entropy',24,15,0.504151452822573,19,'None'),55,1.019160659221214,'SAMME')	eval_timeout_error	eval_timeout_error
adaBoost(decisionTree('entropy',10,8,0.668685999109381,11,'None'),55,1.019160659221214,'SAMME')	0.965632359891706	cached
maxAbsScaler();selectPercentile(67.49729644755728);selectFwe(0.01882471416403296);pca(0.827620118724357,False);varianceThreshold();maxAbsScaler();adaBoost(decisionTree('entropy',10,18,0.905994651214558,20,'None'),55,1.019160659221214,'SAMME')	invalid_ind (duplicated operator)	invalid_ind (duplicated operator)
robustScaler(False,False);nystroem('poly',0.7431471479208718,86,5,0.8775295667392682);adaBoost(decisionTree('entropy',24,7,0.23986917742075164,4,'None'),65,0.33674340719252865,'SAMME')	eval_timeout_error	eval_timeout_error
logisticRegression('l2','newton-cg',1000,11.788446672408776,'balanced')	eval_timeout_error	eval_timeout_error
varianceThreshold();selectFwe(0.019807387646522227);maxAbsScaler();fastICA(35,'deflation','arbitrary-variance','logcosh');selectPercentile(45.791557689978596);adaBoost(decisionTree('gini',19,15,0.14619796964054443,8,'None'),65,0.33674340719252865,'SAMME')	eval_timeout_error	eval_timeout_error
minMaxScaler();nystroem('sigmoid',0.13932962697589146,58,5,0.2672838046821482);varianceThreshold();adaBoost(decisionTree('gini',19,17,0.14619796964054443,8,'balanced'),13,0.42548904503074875,'SAMME')	0.931213930743394	cached
logisticRegression('None','newton-cg',1000,4.032435641967773,'balanced')	eval_timeout_error	eval_timeout_error
robustScaler(False,False);nystroem('poly',0.7431471479208718,86,5,0.8775295667392682);adaBoost(decisionTree('entropy',24,7,0.23986917742075164,4,'None'),65,0.2227302381823161,'SAMME')	eval_timeout_error	eval_timeout_error
adaBoost(decisionTree('gini',19,14,0.7155831418615253,7,'None'),25,0.9291257421941627,'SAMME')	0.9406493351680275	61.683172941207886
varianceThreshold();minMaxScaler();selectPercentile(92.92539185820493);varianceThreshold();logisticRegression('l2','newton-cg',1000,11.788446672408776,'balanced')	invalid_ind (duplicated operator)	invalid_ind (duplicated operator)
maxAbsScaler();selectPercentile(67.49729644755728);robustScaler(False,False);nystroem('sigmoid',4.656629713872288,78,3,-0.06503028902992924);varianceThreshold();maxAbsScaler();logisticRegression('l2','newton-cg',1000,11.788446672408776,'balanced')	invalid_ind (duplicated operator)	invalid_ind (duplicated operator)
minMaxScaler();nystroem('sigmoid',0.13932962697589146,58,5,0.2672838046821482);selectPercentile(12.52779336457872);adaBoost(decisionTree('entropy',10,17,0.668685999109381,8,'None'),55,1.019160659221214,'SAMME')	eval_timeout_error	eval_timeout_error
adaBoost(decisionTree('entropy',2,13,0.46081784817900406,18,'None'),38,1.902739586516493,'SAMME')	0.80038280887709	cached
robustScaler(True,False);varianceThreshold();adaBoost(decisionTree('entropy',24,5,0.504151452822573,5,'None'),65,0.33674340719252865,'SAMME')	0.9667905643092565	cached
adaBoost(decisionTree('entropy',22,8,0.668685999109381,11,'None'),65,0.33674340719252865,'SAMME')	0.9359620302213763	142.49321603775024
adaBoost(decisionTree('gini',13,6,0.04661346858217019,10,'None'),53,0.33674340719252865,'SAMME')	0.8016688711875635	75.84802031517029
varianceThreshold();selectFwe(0.018840978433055086);nystroem('sigmoid',0.13932962697589146,58,5,0.2672838046821482);pca(0.9293557312154097,False);selectFwe(0.01171306329048771);decisionTree('entropy',10,17,0.668685999109381,11,'None')	invalid_ind (duplicated operator)	invalid_ind (duplicated operator)
logisticRegression('l2','newton-cg',1000,11.788446672408776,'balanced')	eval_timeout_error	eval_timeout_error
logisticRegression('l2','newton-cg',1000,11.788446672408776,'balanced')	0.9887675657064078	cached
kNN(2,'uniform',1)	0.8189161281249314	12.743088245391846
adaBoost(decisionTree('entropy',10,8,0.668685999109381,11,'None'),55,1.019160659221214,'SAMME')	0.965632359891706	cached
adaBoost(decisionTree('gini',10,6,0.3066055097457686,6,'None'),25,0.33674340719252865,'SAMME')	0.9191291886478808	cached
minMaxScaler();nystroem('sigmoid',0.13932962697589146,58,5,0.2672838046821482);selectPercentile(12.52779336457872);adaBoost(decisionTree('gini',19,17,0.14619796964054443,8,'None'),65,0.33674340719252865,'SAMME')	0.7820950472364441	121.39275074005127
robustScaler(True,False);varianceThreshold();adaBoost(decisionTree('entropy',24,5,0.504151452822573,5,'None'),55,1.019160659221214,'SAMME')	0.9477217812404735	69.6400363445282
adaBoost(decisionTree('entropy',24,8,0.14619796964054443,8,'None'),55,1.019160659221214,'SAMME')	0.8005699700886624	45.25401544570923
varianceThreshold();selectFwe(0.019807387646522227);maxAbsScaler();fastICA(35,'deflation','arbitrary-variance','logcosh');selectPercentile(45.791557689978596);extraTreesClassifier(44,'gini','log2',2,11,True,'balanced_subsample')	0.6354095454309849	207.82865858078003
selectFwe(0.0061175846490828115);nystroem('cosine',0.7358080773031397,25,3,-0.7865126050343756);nystroem('rbf',4.5408948995489595,87,2,-0.18617990774113924);selectPercentile(96.51986805524741);nystroem('sigmoid',0.17085521007575558,59,5,0.2974041276741326);adaBoost(decisionTree('entropy',24,13,0.504151452822573,5,'None'),65,1.019160659221214,'SAMME')	invalid_ind (duplicated operator)	invalid_ind (duplicated operator)
varianceThreshold();selectFwe(0.019807387646522227);maxAbsScaler();fastICA(35,'deflation','arbitrary-variance','logcosh');selectPercentile(45.791557689978596);adaBoost(decisionTree('gini',19,15,0.14619796964054443,8,'None'),57,0.0832370546964789,'SAMME')	0.8916843025388937	197.13384437561035
varianceThreshold();selectFwe(0.019807387646522227);maxAbsScaler();fastICA(16,'deflation','arbitrary-variance','logcosh');selectPercentile(45.791557689978596);adaBoost(decisionTree('entropy',24,15,0.504151452822573,19,'None'),65,0.33674340719252865,'SAMME')	0.8905543133907606	202.6740357875824
maxAbsScaler();selectPercentile(67.49729644755728);robustScaler(False,False);nystroem('sigmoid',4.656629713872288,78,3,-0.06503028902992924);varianceThreshold();maxAbsScaler();adaBoost(decisionTree('entropy',10,8,0.668685999109381,11,'None'),55,1.019160659221214,'SAMME')	invalid_ind (duplicated operator)	invalid_ind (duplicated operator)
varianceThreshold();selectFwe(0.01171306329048771);nystroem('sigmoid',0.13932962697589146,58,5,0.2672838046821482);pca(0.9293557312154097,False);selectFwe(0.01171306329048771);decisionTree('entropy',10,17,0.668685999109381,11,'None')	invalid_ind (duplicated operator)	invalid_ind (duplicated operator)
robustScaler(True,False);varianceThreshold();adaBoost(decisionTree('entropy',24,5,0.504151452822573,5,'None'),55,1.019160659221214,'SAMME')	0.9477217812404735	cached
adaBoost(decisionTree('entropy',10,8,0.668685999109381,11,'None'),55,1.019160659221214,'SAMME')	0.965632359891706	cached
maxAbsScaler();selectPercentile(67.49729644755728);selectFwe(0.01882471416403296);pca(0.827620118724357,False);varianceThreshold();maxAbsScaler();adaBoost(decisionTree('gini',22,18,0.905994651214558,20,'None'),65,0.33674340719252865,'SAMME')	invalid_ind (duplicated operator)	invalid_ind (duplicated operator)
adaBoost(decisionTree('entropy',10,8,0.668685999109381,11,'None'),65,0.33674340719252865,'SAMME')	0.9359831942425403	cached
robustScaler(True,False);varianceThreshold();adaBoost(decisionTree('entropy',24,5,0.504151452822573,5,'None'),65,0.33674340719252865,'SAMME')	0.9667905643092565	cached
adaBoost(decisionTree('gini',13,6,0.04661346858217019,10,'None'),53,0.33674340719252865,'SAMME')	0.8016688711875635	cached
fastICA(28,'deflation','arbitrary-variance','exp');selectFwe(0.0066879710209157735);robustScaler(True,True);maxAbsScaler();qda(0.2733837492673976)	eval_error (The covariance matrix of class 6 is not full rank. When using `solver='svd'` the number of samples in each class should be more than the number of features, but class 6 has 5 samples and 9 features. Try using `solver='eigen'` and setting the parameter `shrinkage` for regularization.)	eval_error (The covariance matrix of class 6 is not full rank. When using `solver='svd'` the number of samples in each class should be more than the number of features, but class 6 has 5 samples and 9 features. Try using `solver='eigen'` and setting the parameter `shrinkage` for regularization.)
varianceThreshold();selectPercentile(23.532616542094964);nystroem('sigmoid',0.13932962697589146,58,5,0.2672838046821482);pca(0.9293557312154097,False);selectFwe(0.018840978433055086);extraTreesClassifier(91,'entropy','sqrt',8,7,False,'balanced_subsample')	eval_error (Found array with 0 feature(s) (shape=(34800, 0)) while a minimum of 1 is required by ExtraTreesClassifier.)	eval_error (Found array with 0 feature(s) (shape=(34800, 0)) while a minimum of 1 is required by ExtraTreesClassifier.)
minMaxScaler();nystroem('sigmoid',0.13932962697589146,58,5,0.2672838046821482);varianceThreshold();adaBoost(decisionTree('gini',19,17,0.14619796964054443,8,'balanced'),13,0.42548904503074875,'SAMME')	0.931213930743394	cached
logisticRegression('l2','newton-cg',1000,11.788446672408776,'balanced')	0.9887675657064078	cached
minMaxScaler();nystroem('sigmoid',0.13932962697589146,58,5,0.2672838046821482);selectPercentile(12.52779336457872);adaBoost(decisionTree('gini',19,17,0.14619796964054443,8,'None'),13,0.42548904503074875,'SAMME')	0.6974752053276023	32.29374170303345
varianceThreshold();selectPercentile(23.532616542094964);nystroem('sigmoid',0.13932962697589146,58,5,0.2672838046821482);pca(0.9293557312154097,False);selectFwe(0.01171306329048771);adaBoost(decisionTree('gini',19,14,0.7155831418615253,7,'None'),25,0.9291257421941627,'SAMME')	eval_error (Found array with 0 feature(s) (shape=(34800, 0)) while a minimum of 1 is required by AdaBoostClassifier.)	eval_error (Found array with 0 feature(s) (shape=(34800, 0)) while a minimum of 1 is required by AdaBoostClassifier.)
adaBoost(decisionTree('entropy',10,6,0.04661346858217019,10,'None'),55,1.019160659221214,'SAMME')	0.8194075877022474	66.75759243965149
maxAbsScaler();selectPercentile(67.49729644755728);selectFwe(0.01882471416403296);pca(0.827620118724357,False);varianceThreshold();maxAbsScaler();adaBoost(decisionTree('gini',13,18,0.905994651214558,20,'None'),53,0.33674340719252865,'SAMME')	invalid_ind (duplicated operator)	invalid_ind (duplicated operator)
extraTreesClassifier(91,'entropy','sqrt',8,7,False,'balanced_subsample')	0.9087283568739682	24.613723278045654
varianceThreshold();selectFwe(0.019807387646522227);maxAbsScaler();fastICA(35,'deflation','arbitrary-variance','logcosh');selectPercentile(45.791557689978596);adaBoost(decisionTree('gini',19,15,0.14619796964054443,8,'None'),65,0.33674340719252865,'SAMME')	eval_timeout_error	eval_timeout_error
maxAbsScaler();selectPercentile(67.49729644755728);selectFwe(0.01882471416403296);pca(0.827620118724357,False);varianceThreshold();minMaxScaler();adaBoost(decisionTree('entropy',10,18,0.905994651214558,20,'None'),55,1.019160659221214,'SAMME')	0.6863302800974178	106.65579533576965
robustScaler(True,False);varianceThreshold();adaBoost(decisionTree('gini',19,5,0.504151452822573,5,'None'),25,0.9291257421941627,'SAMME')	0.969263091781784	46.62685251235962
logisticRegression('l2','newton-cg',1000,11.788446672408776,'balanced')	eval_timeout_error	eval_timeout_error
robustScaler(True,False);nystroem('poly',0.7431471479208718,86,4,0.8775295667392682);adaBoost(decisionTree('entropy',24,7,0.4478045671235247,4,'balanced'),63,0.2227302381823161,'SAMME')	eval_timeout_error	eval_timeout_error
maxAbsScaler();nystroem('sigmoid',0.13932962697589146,58,5,0.2672838046821482);varianceThreshold();logisticRegression('l2','newton-cg',1000,11.788446672408776,'balanced')	0.7407155109066199	60.38511109352112
maxAbsScaler();selectPercentile(67.49729644755728);robustScaler(False,False);nystroem('sigmoid',4.656629713872288,78,3,-0.06503028902992924);varianceThreshold();maxAbsScaler();logisticRegression('l2','newton-cg',1000,11.788446672408776,'balanced')	invalid_ind (duplicated operator)	invalid_ind (duplicated operator)
adaBoost(decisionTree('gini',19,17,0.14619796964054443,8,'balanced'),13,0.42548904503074875,'SAMME')	0.8007818691027916	cached
minMaxScaler();nystroem('sigmoid',0.13932962697589146,58,5,0.2672838046821482);varianceThreshold();adaBoost(decisionTree('gini',19,17,0.14619796964054443,8,'balanced'),13,0.42548904503074875,'SAMME')	0.931213930743394	cached
minMaxScaler();nystroem('sigmoid',0.13932962697589146,58,5,0.2672838046821482);selectPercentile(12.52779336457872);adaBoost(decisionTree('gini',19,17,0.14619796964054443,8,'None'),65,0.33674340719252865,'SAMME')	0.7820950472364441	cached
varianceThreshold();selectFwe(0.019807387646522227);maxAbsScaler();fastICA(35,'deflation','arbitrary-variance','logcosh');selectPercentile(45.791557689978596);adaBoost(decisionTree('gini',19,15,0.14619796964054443,8,'None'),57,0.0832370546964789,'SAMME')	0.8916843025388937	cached
adaBoost(decisionTree('entropy',22,6,0.668685999109381,11,'None'),65,0.33674340719252865,'SAMME')	0.9359620302213763	117.46572542190552
robustScaler(True,False);varianceThreshold();adaBoost(decisionTree('entropy',24,5,0.504151452822573,5,'None'),65,0.33674340719252865,'SAMME')	0.9667905643092565	62.12425947189331
varianceThreshold();selectFwe(0.019807387646522227);maxAbsScaler();fastICA(16,'deflation','arbitrary-variance','logcosh');selectPercentile(45.791557689978596);adaBoost(decisionTree('entropy',24,15,0.504151452822573,19,'None'),55,1.019160659221214,'SAMME')	timeout_error	timeout_error
varianceThreshold();selectFwe(0.019807387646522227);maxAbsScaler();fastICA(16,'deflation','arbitrary-variance','logcosh');selectPercentile(45.791557689978596);adaBoost(decisionTree('gini',19,15,0.7155831418615253,19,'None'),25,0.9291257421941627,'SAMME')	timeout_error	timeout_error
adaBoost(decisionTree('entropy',24,14,0.504151452822573,7,'None'),55,1.019160659221214,'SAMME')	timeout_error	timeout_error
logisticRegression('l2','newton-cg',1000,11.788446672408776,'balanced')	timeout_error	timeout_error
adaBoost(decisionTree('entropy',10,8,0.668685999109381,11,'None'),55,1.019160659221214,'SAMME')	timeout_error	timeout_error
adaBoost(decisionTree('entropy',24,14,0.7155831418615253,7,'None'),55,1.019160659221214,'SAMME')	0.9667312609906071	80.25232887268066
adaBoost(decisionTree('gini',13,8,0.04661346858217019,10,'None'),53,0.33674340719252865,'SAMME')	0.8016688711875635	30.23854970932007
varianceThreshold();selectFwe(0.019807387646522227);maxAbsScaler();fastICA(35,'deflation','arbitrary-variance','logcosh');selectPercentile(45.791557689978596);adaBoost(decisionTree('gini',19,15,0.14619796964054443,8,'None'),57,0.0832370546964789,'SAMME')	0.8916843025388937	180.9108338356018
kNN(2,'uniform',1)	timeout_error	timeout_error
varianceThreshold();selectFwe(0.019807387646522227);maxAbsScaler();fastICA(35,'deflation','arbitrary-variance','logcosh');selectPercentile(45.791557689978596);adaBoost(decisionTree('gini',19,15,0.14619796964054443,8,'None'),65,0.33674340719252865,'SAMME')	0.9381507760513148	175.3451805114746
